MES, LOC, CLASSES, MÉTODOS, SUPERCLASSES, SUPERMÉTODOS
1, 2160, 8, 129, 1, 2
2, 2160, 8, 129, 1, 2
3, 2160, 8, 129, 1, 2
4, 2421, 8, 142, 1, 2
5, 2390, 8, 139, 1, 2
6, 2390, 8, 139, 1, 2
7, 2545, 8, 150, 1, 3
8, 2382, 8, 139, 1, 3
9, 2391, 8, 139, 1, 3
10, 2391, 8, 139, 1, 3
11, 2103, 6, 114, 0, 4
12, 2103, 6, 114, 0, 4
13, 2100, 6, 114, 0, 4
14, 2100, 6, 114, 0, 4
15, 2136, 6, 116, 0, 5
16, 2136, 6, 116, 0, 5
17, 2199, 6, 114, 0, 5
18, 2199, 6, 114, 0, 5
19, 1956, 6, 100, 0, 4
20, 1956, 6, 100, 0, 4
21, 1956, 6, 100, 0, 4
22, 1956, 6, 100, 0, 4
23, 1956, 6, 100, 0, 4
24, 1868, 6, 100, 0, 4
25, 1874, 6, 101, 0, 4
26, 1874, 6, 101, 0, 4
27, 1874, 6, 101, 0, 4
